{"test loss": 1.4610008187211216, "_timestamp": 1678643980.0127993, "_runtime": 542.7667541503906, "_step": 1, "accracy": 0.5935674206050789}