{"test loss": 5.174566136251812e-05, "_timestamp": 1678643410.538051, "_runtime": 78.0804557800293, "_step": 1, "accracy": 1.0, "_wandb": {"runtime": 77}}