{"test loss": 5.174566136251812e-05, "_timestamp": 1678643055.7888796, "_runtime": 77.36072564125061, "_step": 1, "accracy": 6.0, "_wandb": {"runtime": 76}}