{"test loss": 5.174566136251812e-05, "_timestamp": 1678643182.513909, "_runtime": 85.98831701278687, "_step": 0}