{"test loss": 5.174566136251812e-05, "_timestamp": 1678642927.6029575, "_runtime": 91.88712954521179, "_step": 0}