{"test loss": 1.4607414999515638, "_timestamp": 1678644382.1258953, "_runtime": 378.7315483093262, "_step": 1, "accracy": 0.5938649191382459, "_wandb": {"runtime": 378}}