{"test loss": 5.174566136251812e-05, "_timestamp": 1678642536.7672665, "_runtime": 83.3410964012146, "_step": 1, "accracy": 6.0, "_wandb": {"runtime": 83}}