{"test loss": 5.174566136251812e-05, "_timestamp": 1678642676.7828124, "_runtime": 81.27331733703613, "_step": 0}