{"test loss": 5.174566136251812e-05, "_timestamp": 1678643298.755804, "_runtime": 78.4838650226593, "_step": 1, "accracy": 1.0, "_wandb": {"runtime": 77}}